,name,func L2,priv err,priv time,smooth err,smooth time,total runtime
0,abboip,2986602.529408208,197111099.84934527,0.0271996408700943,95556584.28036425,0.006472110748291016,0.033671751618385315
1,abcoij,11387.366197969848,35952145.02150293,0.004955306649208069,16749219.41360908,0.0011738091707229614,0.00612911581993103
2,abdremlu,4807311.561217478,90664711.76329432,0.01259826123714447,47858231.41827576,0.002988383173942566,0.015586644411087036
3,abgibo,2086456.056381533,210985748.54226324,0.02878597378730774,109612835.21247567,0.00682435929775238,0.03561033308506012
4,abjoolaw,5028367.516228743,98150788.42555222,0.013608172535896301,49868155.52024959,0.0032144784927368164,0.016822651028633118
5,abmuyawm,5012566.654619189,238377202.86001694,0.03252848982810974,115465685.47759305,0.007726311683654785,0.040254801511764526
6,abniar,11660541.56470244,297578943.1167408,0.04048505425453186,147889792.65544266,0.009611830115318298,0.05009688436985016
7,abnovkak,4948372.404775512,116283194.58640099,0.015995368361473083,59449551.46365775,0.003790050745010376,0.01978541910648346
8,abtyff,4776112.598516988,141589397.10430333,0.019185766577720642,74590305.1295766,0.00450211763381958,0.023687884211540222
9,abwecnij,2950593.8639600165,172870346.2417023,0.02349880337715149,81125288.44543226,0.005544111132621765,0.029042914509773254
10,acdiyito,1875663.27990679,32131194.39776092,0.004263833165168762,18584386.076143373,0.001005515456199646,0.005269348621368408
11,acduou,2034714.504787471,252690398.0254167,0.03465975821018219,127791296.88307068,0.008172020316123962,0.04283177852630615
12,acgerl,2303008.7247667033,108878245.13989292,0.014899954199790955,58168813.726584755,0.0035278350114822388,0.018427789211273193
13,acitva,5670973.867873089,48096596.519893214,0.00666375458240509,24487144.06697826,0.0015838146209716797,0.00824756920337677
14,acpegho,4896341.288133755,199109519.36325246,0.027499794960021973,103726837.02787805,0.0064697712659835815,0.033969566226005554
15,acvebr,2626186.1453251145,213117084.35874522,0.029024913907051086,103177952.36210881,0.006844133138656616,0.0358690470457077
16,adkavy,5310388.711729841,51083478.469078906,0.007124990224838257,25194504.95124776,0.0016886740922927856,0.008813664317131042
17,adnerst,2572501.607559462,115223649.65961403,0.015935972332954407,59119070.12685033,0.0037801414728164673,0.019716113805770874
18,adpaifo,2092387.5603166604,201691470.5536719,0.02765466272830963,99311659.2106073,0.006542980670928955,0.034197643399238586
19,aducrisi,2806800.422515321,197023554.1949974,0.02706170082092285,99376987.76183017,0.006368696689605713,0.033430397510528564
20,afmorc,2465501.1358270333,81951031.91356306,0.011042475700378418,42902895.94078218,0.002612069249153137,0.013654544949531555
21,afpansh,2246641.8014312848,187440174.25835356,0.02594412863254547,94675663.33189847,0.006155967712402344,0.032100096344947815
22,afsfat,4013532.2029592576,235159154.03715158,0.03183324635028839,109295938.69407986,0.007565036416053772,0.03939828276634216
23,afweka,7107594.544303576,216780694.13453087,0.029859080910682678,107267955.99999341,0.007069036364555359,0.03692811727523804
24,agcowktu,2496513.1820794153,143722999.1694294,0.019554242491722107,70368427.05624335,0.004663586616516113,0.02421782910823822
25,agdrea,4333532.500004127,183837640.8776297,0.025277823209762573,90310632.76504132,0.00600142776966095,0.03127925097942352
26,aggjuo,2177821.300540907,180097960.9522212,0.024508625268936157,90309176.12402256,0.005824089050292969,0.030332714319229126
27,agivle,5936923.293313465,206509297.94459397,0.028475090861320496,99197189.72159085,0.006716117262840271,0.03519120812416077
28,agjitfa,2971941.2052513757,242488935.4049065,0.032803863286972046,117629533.40661892,0.007713139057159424,0.04051700234413147
29,agsuec,1811007.0575631668,190783453.12479118,0.02608366310596466,100350943.62236863,0.006164491176605225,0.032248154282569885
30,agvexpia,3333679.566933286,81123554.49797574,0.01113981008529663,40953310.59872456,0.0026314258575439453,0.013771235942840576
31,aichash,3701214.4821509696,45160213.41311755,0.006312578916549683,23625393.326937184,0.0014895796775817871,0.00780215859413147
32,aimidd,2160110.2789674583,110196807.04468802,0.014724701642990112,51632874.70527017,0.0035026967525482178,0.01822739839553833
33,ainplin,4942870.041729553,167088561.23713508,0.02302856743335724,82536078.96339588,0.0054739415645599365,0.028502508997917175
34,aitpygg,9727044.5525845,208401923.89977473,0.028414607048034668,108410047.13021332,0.0067565590143203735,0.03517116606235504
35,aivtytan,5008330.827247719,253965056.19950542,0.034864217042922974,128458150.33282344,0.008272513747215271,0.043136730790138245
36,aiwalb,4128958.9740377907,106604163.08357939,0.015023916959762573,56144385.91398978,0.003544747829437256,0.01856866478919983
37,ajixdo,2212291.493175668,107158811.77831107,0.014586657285690308,52708327.91158028,0.003442525863647461,0.01802918314933777
38,ajsips,2519682.078651383,237854439.00051826,0.03283597528934479,117563175.77164292,0.007778450846672058,0.040614426136016846
39,ajsnedsi,4679479.500689564,163721997.61933136,0.022368058562278748,82929842.6026623,0.005306407809257507,0.027674466371536255
40,ajthof,5241849.694030637,174846650.7011152,0.024196118116378784,83814928.78103758,0.0057544708251953125,0.029950588941574097
41,ajtreo,14173203.458894173,18644073.48128156,0.0025309771299362183,8472464.686405566,0.0006013810634613037,0.003132358193397522
42,akgicjud,3069611.0825798637,289106624.3314624,0.03998127579689026,146996372.12510905,0.009467095136642456,0.049448370933532715
43,akvutvo,1638881.5213024598,169708055.8361666,0.02330559492111206,84785929.3641561,0.005549371242523193,0.028854966163635254
44,akyeerbi,3762023.000990757,105724932.74802987,0.014690667390823364,55710083.72109876,0.0034879744052886963,0.01817864179611206
45,aldhidd,5813.448855623366,130027086.71865928,0.01779341697692871,60673355.90350538,0.004241079092025757,0.022034496068954468
46,alnihi,4876100.572993069,274652575.66516745,0.037525326013565063,132083890.35606416,0.00883600115776062,0.046361327171325684
47,alsheth,5796991.451561408,243730129.75492284,0.03322060406208038,120631713.63093606,0.007820963859558105,0.04104156792163849
48,amciuca,2362993.792661672,153677736.59507143,0.02129550278186798,75402403.58269897,0.005053460597991943,0.026348963379859924
49,amknywr,3376230.2563284803,233190075.6355091,0.03195396065711975,116511555.92873614,0.007576301693916321,0.03953026235103607
50,amnurgji,1765701.6068313622,101948883.97554807,0.013790443539619446,52373750.26086423,0.0032404810190200806,0.017030924558639526
51,amvefarl,2328423.478267921,121796859.45355922,0.01677970588207245,57167384.871934086,0.003941968083381653,0.0207216739654541
52,amwibs,1494835.2005430518,193418688.50125363,0.02661198377609253,96695348.87695658,0.006314635276794434,0.03292661905288696
53,ancedvab,5046912.239069768,64210009.505577244,0.008655846118927002,33605011.63282031,0.002048775553703308,0.01070462167263031
54,ancorjo,9970566.895061769,161104349.58452404,0.022246986627578735,81379901.56052321,0.005269721150398254,0.02751670777797699
55,ancyclsu,6390903.279111139,211207029.2890266,0.02906787395477295,101071741.81081063,0.006857842206954956,0.035925716161727905
56,andyol,1543268.0890649625,223983675.52831087,0.031249389052391052,114247781.95742458,0.007342159748077393,0.038591548800468445
57,aniajcr,1412518.956216575,317783288.8146465,0.043621838092803955,158191057.3111376,0.010243028402328491,0.053864866495132446
58,anidgib,4301188.956072956,300690493.2980788,0.04116714000701904,146231791.59772444,0.009682580828666687,0.05084972083568573
59,ankped,2323115.0169321285,93028999.7828696,0.012633472681045532,47187834.71565767,0.0029694736003875732,0.015602946281433105
60,ansyut,4722844.609506479,154497109.16898474,0.021089062094688416,74034659.03775588,0.004958227276802063,0.02604728937149048
61,anucks,1341187.508443398,66859393.01437371,0.009176000952720642,33767266.24850592,0.0021572262048721313,0.011333227157592773
62,anupwr,2712232.535178287,61349648.19766868,0.008447125554084778,33150683.640919317,0.001995787024497986,0.010442912578582764
63,apigcyd,2182928.1645338335,245286993.57710928,0.03406435251235962,126811098.25720914,0.008040711283683777,0.042105063796043396
64,appsri,2629797.437344682,66418772.399826646,0.00904451310634613,32849715.181473,0.0021190643310546875,0.011163577437400818
65,apsskyul,2088496.6668728795,116719927.5949898,0.016118362545967102,59822979.839837484,0.003797769546508789,0.01991613209247589
66,aquawaw,1435270.76719993,254995367.82173458,0.035240545868873596,125504520.23719764,0.00833265483379364,0.043573200702667236
67,arcksy,4736082.44421175,302706440.5042865,0.041556671261787415,147278376.99394572,0.009846270084381104,0.05140294134616852
68,arcuim,4839517.032484835,131997040.42136025,0.01806493103504181,65017427.831398785,0.004289180040359497,0.022354111075401306
69,arcurbig,2694115.404055075,141346558.5143334,0.019732892513275146,73177543.01452374,0.0046757906675338745,0.02440868318080902
70,arhilby,5734986.547426803,248600485.183479,0.03380367159843445,118987783.54858688,0.008043453097343445,0.04184712469577789
71,arlwras,2518373.8349235468,234176618.41252083,0.03225429356098175,114770482.87334564,0.007655471563339233,0.039909765124320984
72,arphaud,4635074.238956696,137095999.06666473,0.018803969025611877,67647960.62391765,0.004440218210220337,0.023244187235832214
73,artgagvu,2109941.4189948277,216660176.17554933,0.029807403683662415,104202918.18207891,0.007019549608230591,0.036826953291893005
74,ascley,2679351.443967828,281871365.7785148,0.03899124264717102,142365364.9375018,0.009165987372398376,0.0481572300195694
75,ashgati,3326154.0534198117,85889530.07548393,0.011789485812187195,41386004.792115025,0.002789214253425598,0.014578700065612793
76,asigno,5459934.651420733,312687134.4945643,0.04226185381412506,147937814.13235465,0.00996483862400055,0.05222669243812561
77,askmecle,5101240.015472317,180442485.77026665,0.0246899276971817,90371821.02059199,0.005814105272293091,0.030504032969474792
78,aslagni,4928077.622693305,171611525.30467066,0.02382791042327881,89641215.32183181,0.005643799901008606,0.029471710324287415
79,aswift,1992108.7699748178,155752333.98024264,0.02122153341770172,73881609.59982198,0.005008488893508911,0.026230022311210632
80,atcilav,2328636.244306146,249855266.02978626,0.03409023582935333,128128554.87384352,0.008011341094970703,0.042101576924324036
81,atfrav,2403034.585659162,51241172.30387828,0.0070534199476242065,24645649.755303957,0.0016696155071258545,0.008723035454750061
82,atfrim,4902375.260002037,69862411.92503119,0.009590372443199158,33896033.46274091,0.0022876709699630737,0.011878043413162231
83,atidfi,2292533.1510148332,172895008.97389442,0.023954331874847412,82551508.67546277,0.005678296089172363,0.029632627964019775
84,atnokvo,7455453.666222331,31939194.395117484,0.004501610994338989,15957835.702856507,0.0010674595832824707,0.00556907057762146
85,atzumbon,21955.217206254365,224905592.68918794,0.030953332781791687,111021985.85526147,0.007309451699256897,0.038262784481048584
86,aucjun,4722066.422561333,60084008.421077855,0.008075177669525146,27920585.718034,0.0019031167030334473,0.009978294372558594
87,auctjir,6941443.593534183,116200532.8743062,0.016099557280540466,57189836.11201705,0.0038193315267562866,0.019918888807296753
88,aurjyen,4591714.97737983,67671423.9223539,0.009229511022567749,32992372.70536323,0.0021964162588119507,0.0114259272813797
89,avdyab,4644822.387623488,47053934.609727934,0.006505638360977173,24729118.766639818,0.0015404671430587769,0.00804610550403595
90,avglybic,4816451.354706718,55371747.392750636,0.007467836141586304,25331424.78978216,0.001775592565536499,0.009243428707122803
91,aviltly,1312536.8096346597,128834652.898116,0.01782861351966858,66621808.7683321,0.004221782088279724,0.022050395607948303
92,avpavi,2277219.87453882,226835432.27325654,0.03118416666984558,111984958.48288551,0.007396414875984192,0.03858058154582977
93,awnbeb,4606755.17610051,185549830.20738107,0.025750234723091125,90340080.90653569,0.006109505891799927,0.03185974061489105
94,awrenba,4641081.262374735,234659404.2208627,0.032637447118759155,120300598.14440313,0.0077371299266815186,0.040374577045440674
95,awribig,4964169.143377322,108594986.01584402,0.015122532844543457,55714435.03994339,0.003580734133720398,0.018703266978263855
96,aydwaho,1923051.2325200087,213132146.69549358,0.02964387834072113,112204588.12016869,0.007040873169898987,0.03668475151062012
97,ayfsdu,1723541.6043116318,250965782.8326559,0.03473260998725891,135931519.1430082,0.008273541927337646,0.04300615191459656
98,aygpha,5034703.4765000185,147800985.67675942,0.020571812987327576,73165652.67776737,0.004883244633674622,0.025455057621002197
99,aypudby,2594300.769882332,145593674.88869476,0.020165041089057922,72352393.66501816,0.004779383540153503,0.024944424629211426
100,ayquasto,5458428.560509471,173398183.40578893,0.023666009306907654,80865067.42524219,0.005588829517364502,0.029254838824272156
101,ayquexar,2294149.972704932,238179853.68955374,0.032875582575798035,121029335.78469981,0.0077386051416397095,0.040614187717437744
102,ayshekki,2998327.0827873084,64463749.345040485,0.008806437253952026,32988801.25791078,0.002077072858810425,0.010883510112762451
103,ayshowg,3109.61147144244,72101452.38702418,0.009952709078788757,34424654.67681747,0.0023689717054367065,0.012321680784225464
104,aysmsla,2049320.167779516,277408562.52559745,0.03833255171775818,134585204.14108074,0.009116247296333313,0.04744879901409149
105,eacderph,4819157.1634758,59318488.7260758,0.008169472217559814,32230614.821607746,0.0019273608922958374,0.010096833109855652
106,eadectio,6667744.8246027855,74200800.42628875,0.010187476873397827,42089097.74056407,0.002392783761024475,0.012580260634422302
107,eagbaci,9194188.052263046,28783620.923851885,0.004040464758872986,15510062.406751964,0.0009426921606063843,0.00498315691947937
108,eapceou,4557018.338103988,355154617.94888717,0.04872529208660126,165530869.61469954,0.011586219072341919,0.060311511158943176
109,easnsvu,3769770.4392199297,61603318.45549787,0.008404642343521118,32781223.882980686,0.0020003020763397217,0.01040494441986084
110,eavcaifo,5111347.288429963,205725888.88877136,0.028252243995666504,105755867.39692232,0.006697371602058411,0.034949615597724915
111,eavflid,4920382.992719367,181373550.87358865,0.024880453944206238,91661743.63487105,0.005899786949157715,0.030780240893363953
112,ebcicy,4914201.202247519,295471874.3643168,0.0411737859249115,155869839.31656894,0.009789228439331055,0.050963014364242554
113,ebdafya,3109312.0188887445,195987979.62347206,0.02669958770275116,94188019.38464417,0.006377771496772766,0.033077359199523926
114,ebenfrag,5186376.910279322,114660978.49319115,0.01562654972076416,59437180.313418575,0.003692716360092163,0.019319266080856323
115,ebrulra,2591956.5021983096,56868360.46526195,0.007822707295417786,30373539.324255325,0.001842007040977478,0.009664714336395264
116,eccest,10878887.903924773,261643490.20878932,0.035800591111183167,132682448.63648926,0.008425623178482056,0.04422621428966522
117,ecdiwovu,4929654.900007489,194934863.0037763,0.026325136423110962,92163612.42237775,0.00622519850730896,0.03255033493041992
118,ecfesy,2643662.834070266,308209008.2698776,0.042495936155319214,152148765.70300967,0.010063067078590393,0.05255900323390961
119,ecforj,1996954.4904401517,90306221.20746699,0.012457653880119324,48345134.03398932,0.002941697835922241,0.015399351716041565
120,ecgojtyt,4994226.848160284,141776713.42454413,0.01959317922592163,73325311.37211244,0.004658803343772888,0.02425198256969452
121,ecjeody,2315089.8481642674,149688052.40221536,0.020610332489013672,73426899.18455942,0.004908382892608643,0.025518715381622314
122,eckecky,4469338.643647359,145079396.6013814,0.02001488208770752,75353534.2150709,0.004763752222061157,0.024778634309768677
123,ecnoplsi,4356672.883465651,223055258.9853806,0.030723288655281067,114961077.52096051,0.007295653223991394,0.03801894187927246
124,eddreba,2693225.8775879787,121136954.6442974,0.01655586063861847,67353592.36949262,0.003925740718841553,0.020481601357460022
125,edeejdru,4939520.855493919,303468288.93043804,0.041144102811813354,141553897.0850845,0.00981961190700531,0.050963714718818665
126,edglevi,5197043.719427475,128008293.4774586,0.01743820309638977,60662891.12676656,0.004139825701713562,0.021578028798103333
127,edgrat,4097482.6881145737,161799193.89825577,0.022262126207351685,82343869.02798404,0.005280852317810059,0.027542978525161743
128,edjiye,7423922.04197917,312193289.0226409,0.04324987530708313,161357250.84974837,0.010255098342895508,0.05350497364997864
129,edlyxy,6530422.213686843,201767912.3738422,0.02762281894683838,103605364.72236429,0.006571650505065918,0.0341944694519043
130,edmugrip,4947559.663962964,197232874.57601264,0.02714700996875763,101716943.75767471,0.006453961133956909,0.03360097110271454
131,ednillo,1637062.6761165967,327005137.217321,0.04480980336666107,158969744.40413523,0.010649994015693665,0.055459797382354736
132,edodblea,2344101.8940534755,152443485.5562889,0.02084706723690033,78928359.02979675,0.0049591064453125,0.02580617368221283
133,edomboys,12081372.80063455,34995657.405161805,0.004802227020263672,16879112.950547103,0.0011392086744308472,0.005941435694694519
134,edrafs,2810424.4528116244,34899887.82354768,0.004668369889259338,15181072.424410291,0.0011126995086669922,0.005781069397926331
135,eedigkr,2823910.696253751,151361490.19949386,0.020848706364631653,74118577.31172733,0.0049608200788497925,0.025809526443481445
136,eefayb,4809315.593530636,154851397.0154027,0.02120925486087799,81567928.92746614,0.004997864365577698,0.02620711922645569
137,eegcef,2571354.9581731274,83797188.06550288,0.0117073655128479,41792182.505609885,0.0027660727500915527,0.014473438262939453
138,eemafbij,2843436.724055709,35944532.8173839,0.004898145794868469,16389233.95698224,0.0011653602123260498,0.006063506007194519
139,eenjoug,5115027.881032043,97374634.8411737,0.013462066650390625,48890718.44663683,0.003201022744178772,0.016663089394569397
140,eersdo,3915045.490686283,169175472.3524249,0.023560702800750732,89482306.75012437,0.0055994391441345215,0.029160141944885254
141,eesbaj,2644495.7185580297,180182690.00792557,0.024933353066444397,89442007.89480898,0.005930677056312561,0.030864030122756958
142,efcati,4775349.099050883,123006663.50050953,0.01677533984184265,66115090.79195063,0.003950208425521851,0.020725548267364502
143,effneomi,4858204.865660424,281918863.37737375,0.0389275848865509,139788666.2045822,0.009262531995773315,0.04819011688232422
144,efghakdi,2754291.065562407,111447873.31136912,0.015375122427940369,56247604.61452215,0.003644600510597229,0.019019722938537598
145,efgoaku,4368954.175094402,243809902.20018935,0.033515170216560364,126476645.02694184,0.007965758442878723,0.04148092865943909
146,efmymo,9316818.910627797,14503716.463528723,0.001992344856262207,8049885.243210523,0.0004745572805404663,0.0024669021368026733
147,efonve,5154089.059353165,325668668.49203086,0.0449148565530777,164047690.89174548,0.010713919997215271,0.05562877655029297
148,efspheco,4572639.198221705,76936752.63681152,0.01054750382900238,40348468.31422315,0.0024971812963485718,0.013044685125350952
149,eggfrij,7116390.6794339735,212118332.62001568,0.029183730483055115,109522390.90096292,0.00692807137966156,0.036111801862716675
150,eghanwib,8836286.888929091,242067085.48114854,0.033104732632637024,120486271.61088279,0.007852122187614441,0.040956854820251465
151,eglohabs,4693698.505695041,113401386.59896204,0.01575203239917755,56123438.00826536,0.0037367045879364014,0.019488736987113953
152,egnatab,5132898.704600961,265725482.83629152,0.036697641015052795,133248064.06948352,0.008716374635696411,0.04541401565074921
153,egreosko,5153580.23090922,14830950.76689468,0.002078115940093994,8314962.267067185,0.0004966109991073608,0.002574726939201355
154,egteir,2897668.071463403,59307014.09788942,0.008115172386169434,27496636.64640379,0.0019291192293167114,0.010044291615486145
155,egwicjuv,1620956.1048405292,13885264.090653935,0.001967102289199829,7708516.894259781,0.00046962499618530273,0.002436727285385132
156,eiboidne,4655504.101275393,252070118.52588078,0.034304797649383545,122017862.65832314,0.00815671682357788,0.042461514472961426
157,eicmynts,1131397.922390351,18147196.987322614,0.002519175410270691,8398227.66937496,0.0005911588668823242,0.003110334277153015
158,eifvid,15438.737817259158,181229850.17939717,0.025033310055732727,90203005.64726362,0.005931928753852844,0.03096523880958557
159,eitpem,5801191.823323566,89796089.65258402,0.012018367648124695,42339860.30208779,0.00285416841506958,0.014872536063194275
160,ejcrur,1737818.4265048075,151004546.03650224,0.020955130457878113,74234191.6149116,0.004982799291610718,0.02593792974948883
161,ejesbay,2444073.958153296,167761995.7972151,0.022536635398864746,82728691.69092686,0.005366727709770203,0.02790336310863495
162,ejkipub,6525172.943349559,179769195.78358492,0.02447257936000824,91481866.17510703,0.005796000361442566,0.030268579721450806
163,ejnoax,4222708.464902284,50069130.12651852,0.006892994046211243,25567265.724752195,0.0016369372606277466,0.00852993130683899
164,ejshigib,11299558.584527755,344177646.31907004,0.04701627790927887,164709474.18983445,0.01121547818183899,0.05823175609111786
165,ejtobu,2233500.2265830627,248548206.76349905,0.03409165143966675,121336041.37214486,0.008121669292449951,0.0422133207321167
166,ekenucki,2344303.752782036,176349586.2161616,0.0243300199508667,84652453.61275712,0.005780011415481567,0.030110031366348267
167,ekfrab,5353618.101535507,70086459.78421189,0.009672120213508606,33121415.08374788,0.0023006051778793335,0.01197272539138794
168,ektamy,2722638.156389274,161248718.40816846,0.022168487310409546,75201592.77123792,0.005283668637275696,0.02745215594768524
169,ektuyo,1855344.7483868902,129791863.85381669,0.018078044056892395,64380524.90207127,0.004286855459213257,0.022364899516105652
170,ekyosjo,4658905.591521045,370565908.3447628,0.05093413591384888,176193055.94635326,0.012108996510505676,0.06304313242435455
171,elaflevy,2380462.297473897,271582039.09096485,0.03755827248096466,128429662.44810724,0.008939594030380249,0.04649786651134491
172,elbnaxa,6375466.6361596035,233657614.67385983,0.03190520405769348,115958064.8769855,0.007577940821647644,0.039483144879341125
173,elfyea,3118137.5006690356,183418247.39535192,0.02542354166507721,91960273.77661383,0.006040647625923157,0.031464189291000366
174,elhuyoi,4887240.455684578,54200568.45049757,0.007491409778594971,25500043.401645593,0.0017567276954650879,0.009248137474060059
175,ellimtbu,4866020.297529641,119062848.59710044,0.016348689794540405,56617338.40210179,0.0038489997386932373,0.020197689533233643
176,elswcky,2645945.107854166,133645360.74683999,0.018283352255821228,66200659.68641205,0.004347756505012512,0.02263110876083374
177,elvgid,6530.142663797735,82067945.52104357,0.011069342494010925,37052984.94653397,0.0026337504386901855,0.01370309293270111
178,elwesnn,1713103.1750651768,170655599.24688897,0.02356983721256256,89088062.16682632,0.005596652626991272,0.029166489839553833
179,enarwee,3178380.5911665037,215507583.12907553,0.029710501432418823,108918789.87851782,0.0070524513721466064,0.03676295280456543
180,enekbl,3901459.671566134,203163500.61182332,0.027676329016685486,99993896.36843853,0.006578102707862854,0.03425443172454834
181,enidmopt,4538902.86963108,121127783.51991034,0.016733914613723755,57803631.40236217,0.00398370623588562,0.020717620849609375
182,enjubpl,2160889.568708813,121682781.91147208,0.016785964369773865,57353396.151244044,0.003989070653915405,0.02077503502368927
183,enkkand,1657075.7909118168,346888626.3797653,0.048037245869636536,174559538.07806742,0.01142166554927826,0.059458911418914795
184,enyonsn,4355573.478491844,303873737.42565817,0.04160735011100769,145710430.3593375,0.009928852319717407,0.0515362024307251
185,eoccoirv,1520805.790776904,333613245.7793562,0.045733094215393066,159951513.92147595,0.010891437530517578,0.056624531745910645
186,eoffrij,2639029.9362745495,143534227.12947333,0.01998773217201233,74657930.76633443,0.004742413759231567,0.024730145931243896
187,eoivqued,4358211.606852194,99230620.17985035,0.013495653867721558,50176372.8397563,0.0032088011503219604,0.016704455018043518
188,eokracy,1784802.8087128585,248277956.1462765,0.033602625131607056,124383855.50550577,0.007993176579475403,0.04159580171108246
189,eolgug,1851688.7258891503,145810626.5517053,0.020244374871253967,73925490.89073059,0.004823088645935059,0.025067463517189026
190,eosluip,2474436.2154889666,248288798.66673532,0.034416258335113525,121378719.3341088,0.008147716522216797,0.04256397485733032
191,eovsyt,4262749.486450362,199195689.84224045,0.027393072843551636,105343252.63218224,0.006500691175460815,0.03389376401901245
192,eoydba,3111691.8608022816,76888004.55600122,0.010554775595664978,40039271.161887966,0.0024978220462799072,0.013052597641944885
193,epabcadu,3552467.6493866206,278987417.8877622,0.0376850962638855,132975745.61035955,0.008956611156463623,0.04664170742034912
194,epemvagu,1449436.7238918906,147644842.4264678,0.020696163177490234,80739950.86368097,0.004882723093032837,0.02557888627052307
195,epkiapme,2425753.2862973236,289955643.3898285,0.03972466289997101,146710957.06735995,0.009431704878807068,0.049156367778778076
196,equioc,4664497.316858972,314326281.163357,0.043650999665260315,156022472.27421373,0.01038050651550293,0.054031506180763245
197,equoaw,1873211.690590263,99491284.79679872,0.013737931847572327,49830427.457948275,0.0032568126916885376,0.016994744539260864
198,erjboyni,5196473.987006912,16631759.096753417,0.0021945685148239136,9551991.922630977,0.0005185604095458984,0.002713128924369812
199,erjcrey,4831566.213261992,242801368.5871325,0.03358243405818939,122788107.25577125,0.007980287075042725,0.04156272113323212
200,erjtail,3552784.459552581,181262791.07286388,0.024976596236228943,90266047.2763218,0.005932018160820007,0.03090861439704895
201,erulghiv,2149542.3646379183,280206256.09709394,0.039130762219429016,135054198.54802305,0.00929686427116394,0.04842762649059296
202,erwumu,2357589.3108305037,311659208.47498834,0.04275037348270416,163336899.99595124,0.010134324431419373,0.052884697914123535
203,eryeig,4559655.784028528,217385108.16852278,0.02997739613056183,108354338.08239865,0.00712992250919342,0.03710731863975525
204,eshria,4499066.0526401205,127113074.05763607,0.017240330576896667,59960816.3589637,0.004094123840332031,0.0213344544172287
205,eshroa,2503178.290076351,275653680.8502025,0.037763386964797974,143467776.64004764,0.008944734930992126,0.0467081218957901
206,esnddceb,2293024.0520087904,234467970.05166128,0.03214329481124878,117825534.35087715,0.0076303184032440186,0.0397736132144928
207,esudcejo,2360677.371401771,127815329.88639575,0.017116263508796692,59161445.78723571,0.004083409905433655,0.021199673414230347
208,etalrab,6300408.47664045,312031069.6570042,0.04247656464576721,155448964.68925554,0.010075211524963379,0.05255177617073059
209,etirnfew,12718665.515292043,14774900.703701712,0.0019692927598953247,8392220.645426868,0.0004654824733734131,0.002434775233268738
210,etnads,2228058.6789477207,339012731.7586705,0.04614610970020294,162682624.64550465,0.010973706841468811,0.05711981654167175
211,eufdod,4254858.7205096185,59611281.06930405,0.00815880298614502,32267023.486620054,0.0019363462924957275,0.010095149278640747
212,evbacclu,4681949.695720404,193379428.47992274,0.026959538459777832,97250112.79390685,0.006400570273399353,0.033360108733177185
213,evdyffu,3820120.7761679855,207265593.41215777,0.028281092643737793,101758341.30129787,0.00673694908618927,0.03501804172992706
214,evfler,10967283.792797454,16927526.966060895,0.002224475145339966,8931360.444649417,0.0005308240652084351,0.002755299210548401
215,evijcey,3851386.3397510718,14318170.947445594,0.001999109983444214,7703439.591941178,0.0004727691411972046,0.0024718791246414185
216,evjoko,5735181.34969802,221277165.87911582,0.030490756034851074,108643338.05765933,0.007228299975395203,0.03771905601024628
217,evmaja,4571388.132925432,15199215.469887683,0.0021210461854934692,8403324.28177084,0.0005040019750595093,0.0026250481605529785
218,evtitdea,2134672.101521114,301842735.6951863,0.04165533185005188,156178174.38654995,0.009870603680610657,0.05152593553066254
219,ewbglo,3791906.8935604985,123168029.01746929,0.016893163323402405,59676357.91429163,0.004016906023025513,0.020910069346427917
220,ewedkl,3028369.388617902,128635597.90416332,0.01757855713367462,60465594.10208547,0.0041863322257995605,0.021764889359474182
221,ewufri,2747891.211293116,181399406.14398795,0.024721160531044006,87236859.72808923,0.005883544683456421,0.030604705214500427
222,ewvnil,1786609.6303845816,180170165.20252812,0.024966508150100708,96614629.19090466,0.0059217363595962524,0.03088824450969696
223,exskafvo,4776934.879293422,262618833.61813614,0.0360754132270813,127767893.35528746,0.008559703826904297,0.044635117053985596
224,eybmij,5018009.280334577,250244109.6063539,0.03397585451602936,118044926.12439731,0.008074745535850525,0.04205060005187988
225,eybyay,3398238.7386922683,262455456.02388048,0.03634767234325409,128614134.13485295,0.008646681904792786,0.044994354248046875
226,eydadgio,5891024.186845951,36131900.81809206,0.0049346089363098145,18047264.86940167,0.0011845529079437256,0.00611916184425354
227,eytups,4235238.732147448,105582684.75552659,0.014742299914360046,57483996.241824955,0.003497689962387085,0.01823998987674713
228,iackaw,2019438.4886607768,195651501.14044303,0.02702602744102478,99890098.69084394,0.0064413100481033325,0.03346733748912811
229,iafbagci,2560178.7715298687,188245041.15229508,0.025858521461486816,91854481.90814675,0.006153583526611328,0.032012104988098145
230,iafstnue,2503300.505743099,179481647.2733661,0.02441929280757904,88584620.59096318,0.005813032388687134,0.030232325196266174
231,iaggrijo,5427804.583871691,95316853.1307993,0.012983083724975586,48725856.97430408,0.0030809789896011353,0.01606406271457672
232,iagods,1831344.0644555876,52407903.15636874,0.0071267783641815186,25377797.42085461,0.0017005503177642822,0.0088273286819458
233,iahorou,4661315.942788903,35028958.16018969,0.004753246903419495,17605138.38982261,0.0011288225650787354,0.00588206946849823
234,iapberci,1504638.4808528156,176315907.06124195,0.02414962649345398,87469730.20982127,0.0057425349950790405,0.02989216148853302
235,iatojbo,4485992.509247331,142005984.5956416,0.019575178623199463,73874810.25577483,0.00465121865272522,0.024226397275924683
236,iawxben,10251163.975242846,318269717.87564623,0.043437883257865906,151364740.203384,0.0103188157081604,0.053756698966026306
237,ibflsruc,5034838.6209687,192680791.7237837,0.026753097772598267,96326619.84429768,0.006367802619934082,0.03312090039253235
238,ibgryk,2067303.4963472798,152854072.41690093,0.02112719416618347,74418156.25865753,0.00498451292514801,0.026111707091331482
239,iblool,1669032.7635345066,13393473.02032416,0.0019160807132720947,7203638.263242129,0.0004489719867706299,0.0023650527000427246
240,ibpijda,6241063.87174795,104603121.55150363,0.01437610387802124,58134486.10975319,0.0033862143754959106,0.01776231825351715
241,ibwicim,10725401.624377707,159105187.90025514,0.021786555647850037,76812726.93941204,0.0051829516887664795,0.026969507336616516
242,icagpony,1417367.9063634526,148612127.51515228,0.020256459712982178,70806732.83619972,0.004818335175514221,0.0250747948884964
243,icdaheos,3890820.197928179,19239211.562728345,0.002597406506538391,8760848.62079292,0.0006175339221954346,0.0032149404287338257
244,icdapnu,4942017.344698013,169815691.60556656,0.02343207597732544,86846427.37030572,0.005527853965759277,0.028959929943084717
245,icdultha,1994903.4495156354,29028396.824949674,0.004026666283607483,15720168.641073996,0.000943407416343689,0.004970073699951172
246,icedpa,2216114.09310488,115794582.69065508,0.01605798304080963,58974684.223746665,0.0037742257118225098,0.01983220875263214
247,ichikiga,4989830.401093692,254760022.6615699,0.03505192697048187,130348069.16912669,0.008335292339324951,0.043387219309806824
248,ickguwa,2364481.6905071773,118853018.0431481,0.01611572504043579,60316452.29624431,0.003851279616355896,0.019967004656791687
249,ickphiwa,5023576.948421738,166534196.5244952,0.023503810167312622,86714719.06349629,0.005596771836280823,0.029100582003593445
250,ickviya,6080089.862829746,192857860.71837264,0.026337161660194397,92066960.96338324,0.006215870380401611,0.03255303204059601
251,icodmup,4970847.195045751,49813178.32160038,0.006775125861167908,24567591.731878433,0.0015916824340820312,0.008366808295249939
252,ictlypt,7276045.420777416,64580266.33696778,0.00881221890449524,32723281.568898916,0.00206950306892395,0.01088172197341919
253,ictmuog,9991747.497180376,60352597.72356557,0.008122935891151428,28030174.688310243,0.001921817660331726,0.010044753551483154
254,icwiroic,3390602.4176659943,160939241.88640013,0.022108271718025208,81987082.7821927,0.005202919244766235,0.027311190962791443
255,idbaybim,2441138.958256331,128768734.0387935,0.01762436330318451,67624868.11942744,0.00415550172328949,0.021779865026474
256,idcadgi,11379.295170336085,167495650.75068605,0.02300238609313965,83865017.73818359,0.0054603517055511475,0.028462737798690796
257,ideutgoa,2476139.938196418,224004636.0085621,0.031031474471092224,114863467.4804881,0.007369890809059143,0.03840136528015137
258,idholv,4729653.745079298,290400042.0625117,0.039905428886413574,141010918.81299493,0.009485125541687012,0.049390554428100586
259,idjoat,4120.638673802419,77953058.87905693,0.010480567812919617,36713326.48197812,0.002503618597984314,0.01298418641090393
260,idjojwa,2766986.318033575,21112499.43899747,0.0029104501008987427,9879341.38501077,0.0006958693265914917,0.0036063194274902344
261,idjokva,2290052.8045541933,280758595.98820424,0.03840087354183197,142069934.11831823,0.009112834930419922,0.04751370847225189
262,idlorra,2250364.0796284447,274150722.7177896,0.037277013063430786,135378942.8754451,0.008875235915184021,0.04615224897861481
263,idodly,2660496.569618112,171454846.5292161,0.0235910564661026,88391082.67457849,0.005600333213806152,0.029191389679908752
264,idshywr,5484229.758728645,158409490.62611896,0.02185697853565216,81853312.22633818,0.005162879824638367,0.027019858360290527
265,idsmuk,5405426.923226955,119147958.69421591,0.015926063060760498,58809321.519068524,0.003740161657333374,0.019666224718093872
266,idtwal,2561225.4480695184,35390883.61943787,0.0047632306814193726,16203013.203430323,0.0011310279369354248,0.005894258618354797
267,idvowwed,4940914.198114859,284802991.2730001,0.03873361647129059,140734251.08029956,0.009203523397445679,0.04793713986873627
268,ifanfadd,2243110.910704227,138328140.93388566,0.018967270851135254,68083694.7614553,0.004512995481491089,0.023480266332626343
269,ifefrof,5379100.567203163,63872690.91058396,0.008764117956161499,33471584.868938647,0.0020782649517059326,0.010842382907867432
270,ifelas,7055309.246448267,116907995.88852984,0.01599547266960144,57062156.207977034,0.003803625702857971,0.01979909837245941
271,ifkalda,6961911.116614963,79786951.53459516,0.011093571782112122,39578639.71729486,0.0026343613862991333,0.013727933168411255
272,ifragcic,5369112.923871224,236681993.64211556,0.03282478451728821,125191216.61139035,0.007803395390510559,0.04062817990779877
273,igglitby,3513652.625118469,68799251.26828788,0.009500697255134583,32779835.814771228,0.0022627711296081543,0.011763468384742737
274,igsoysla,8217246.577063492,267773131.08389944,0.03659360110759735,131124728.7817115,0.008683249354362488,0.04527685046195984
275,igvidth,3220413.5768337515,242546706.71801746,0.033543214201927185,123744267.07415397,0.007951050996780396,0.04149426519870758
276,ijcoga,1314758.3304453553,193364145.33980608,0.026420488953590393,93929359.7851733,0.0063072144985198975,0.03272770345211029
277,ijdeyd,1231510.5690151395,197545912.00629264,0.027346819639205933,100796657.24038133,0.0065123289823532104,0.03385914862155914
278,ijhigof,5331384.442774371,128133129.06998748,0.017605572938919067,64405228.90887643,0.0041847825050354,0.021790355443954468
279,ijhipvo,1876786.6118549558,217475041.04700533,0.02979344129562378,108900413.32400694,0.007031604647636414,0.03682504594326019
280,ijpiawl,13092200.908223253,170122170.763353,0.023329049348831177,84225605.10819834,0.005500584840774536,0.028829634189605713
281,ijprukfr,4890221.342945164,286313463.23001343,0.03924703598022461,147137607.95977506,0.009342417120933533,0.04858945310115814
282,ijthind,2377239.8169419556,138746586.97689107,0.01876366138458252,66903890.89658187,0.00446183979511261,0.02322550117969513
283,ijtowhur,4811532.823907406,239506343.29404584,0.03332911431789398,124057716.45713095,0.00791718065738678,0.04124629497528076
284,ikdagcy,2281175.4928876986,90041904.57032217,0.012260958552360535,44019241.14665011,0.0029064565896987915,0.015167415142059326
285,ikkimm,5270979.016180595,345814216.90686727,0.04751041531562805,167182929.8771579,0.011301666498184204,0.058812081813812256
286,ikujfurk,1555081.753710806,139829292.4699252,0.01933915913105011,75524473.70070726,0.00458487868309021,0.02392403781414032
287,ilcoby,4362965.123196176,176343003.60684526,0.023996859788894653,85851353.47073866,0.005689829587936401,0.029686689376831055
288,ilkble,6592073.394534924,127529681.43643534,0.0176658034324646,65918602.36713175,0.004183217883110046,0.021849021315574646
289,ilkedve,1143698.5228948172,220441101.53111312,0.030742883682250977,108182440.4756708,0.007309556007385254,0.03805243968963623
290,ilyutje,2480739.3292624764,270371450.6815862,0.037640392780303955,138344808.41960698,0.008932903409004211,0.046573296189308167
291,imhacy,2358.78010402405,53741196.47172782,0.007246226072311401,25304726.419410415,0.0017216354608535767,0.008967861533164978
292,imneesu,4405464.491213399,117650026.50806111,0.016274258494377136,58158889.92190572,0.0038580894470214844,0.02013234794139862
293,imoikcha,1677925.0893911086,240488507.21475175,0.03320342302322388,117797572.26148131,0.00790451467037201,0.041107937693595886
294,imwrytsy,5874315.970122875,183489907.33457717,0.025100529193878174,93381133.57033205,0.0059677958488464355,0.03106832504272461
295,imwyojy,5031984.160452043,289524716.19773215,0.039967164397239685,143715265.74709228,0.009475022554397583,0.04944218695163727
296,inckkiv,4682361.547552377,51575822.056073755,0.007016822695732117,24900699.53095663,0.0016697347164154053,0.008686557412147522
297,indtwrat,5204659.598793731,15593128.302046658,0.0021212399005889893,8205832.7385088345,0.0005013793706893921,0.0026226192712783813
298,indyep,5235299.1436510105,112744866.80054499,0.015527009963989258,58101565.72856121,0.0036772191524505615,0.01920422911643982
299,inghoghe,3890040.0760542923,113728516.07592928,0.015567705035209656,53267144.4182671,0.003703892230987549,0.019271597266197205
300,inghoth,4381851.785329474,57306391.42530398,0.008084848523139954,31194210.88284999,0.0019134283065795898,0.009998276829719543
301,inlica,5115892.229931745,204436816.71026668,0.027569696307182312,96091603.59000605,0.006509885191917419,0.03407958149909973
302,inquay,4692503.94661126,122277816.10267808,0.016884267330169678,64702893.27605115,0.003983989357948303,0.02086825668811798
303,inshfola,2208321.087775483,32491632.62532339,0.004480913281440735,16118152.390649943,0.0010621994733810425,0.005543112754821777
304,insodfl,5312065.465534265,187657249.14949483,0.026042163372039795,93726365.04925698,0.006198659539222717,0.03224082291126251
305,ioajdig,1688912.26500516,298632100.28725934,0.04136194288730621,149530472.8792015,0.0098419189453125,0.05120386183261871
306,ioangio,3513041.420489527,52728339.87445453,0.007240429520606995,26074283.353871867,0.001723557710647583,0.008963987231254578
307,iodjiesh,4840640.605051028,63295442.59360707,0.008746087551116943,33034359.043732114,0.0020749270915985107,0.010821014642715454
308,iodlac,2522426.108269067,251041094.54433757,0.03439384698867798,126526392.74989411,0.008183017373085022,0.042576864361763
309,iofplik,4873056.452441309,145136549.3806576,0.02005082368850708,79655730.22345723,0.004745408892631531,0.02479623258113861
310,ioivkn,8214459.083914149,153869621.22336003,0.020934060215950012,76503792.08058104,0.004974007606506348,0.02590806782245636
311,iorjtwav,4492992.647296899,118488527.1858672,0.016429930925369263,56918564.66842156,0.003904774785041809,0.020334705710411072
312,iotklojy,4746288.015536987,222324295.49958324,0.030041620135307312,110435984.79100871,0.007159978151321411,0.03720159828662872
313,iovhar,2421281.6682902416,160397450.7559005,0.02210862934589386,83636078.1538707,0.005249887704849243,0.027358517050743103
314,iovlito,2556781.4577129646,261088676.20740515,0.03626824915409088,131276775.05925612,0.008611708879470825,0.04487995803356171
315,ioytgor,5535534.771109292,77918625.35279685,0.010696232318878174,39985260.45683165,0.0025275498628616333,0.013223782181739807
316,ipdioisi,2152656.688041904,176164317.8081777,0.024113699793815613,85659864.64849596,0.005729421973228455,0.029843121767044067
317,ipdraw,2097650.955371947,17444684.59197917,0.0024613291025161743,8370676.394991752,0.0005904436111450195,0.003051772713661194
318,iphespha,5339582.868652558,31291216.80008298,0.00437752902507782,15755723.295443218,0.0010362714529037476,0.005413800477981567
319,iphybcay,4760154.4325269265,78173564.44343886,0.010970324277877808,41373051.234766975,0.002594307065010071,0.013564631342887878
320,ipjiert,2341087.7749857465,15446857.80696956,0.002143159508705139,8821859.019092767,0.0005091726779937744,0.0026523321866989136
321,ippfeip,2190407.2933010305,138665475.91361317,0.019125282764434814,66758575.55498788,0.004546836018562317,0.02367211878299713
322,irjfen,5810286.501715115,170313865.55160582,0.02355004847049713,84634219.51600729,0.005587577819824219,0.02913762629032135
323,isekdyp,2491817.0829157988,177524632.09538803,0.024148017168045044,85647482.98945948,0.005744129419326782,0.029892146587371826
324,isfikti,1601220.0573949977,137585850.16946888,0.01888999342918396,69266028.05601075,0.004490599036216736,0.023380592465400696
325,ishvirv,2750236.2420758675,284041328.31755203,0.038867101073265076,144672391.42929924,0.009192332625389099,0.048059433698654175
326,isnthli,54563.77141076513,36762017.72333363,0.004990607500076294,16955951.886907976,0.0011833906173706055,0.006173998117446899
327,ispawwye,2600478.079587867,178390946.87591845,0.024544507265090942,94357660.43139017,0.005811870098114014,0.030356377363204956
328,itacfl,5189155.880492109,221847105.65094197,0.030595332384109497,114154588.60180488,0.007257595658302307,0.037852928042411804
329,itbadpi,4876828.914297448,160554194.83475435,0.022042781114578247,76372690.7202842,0.0052445679903030396,0.027287349104881287
330,itbejsco,1920185.222213521,135446915.73240095,0.01832704246044159,67784757.89845276,0.0043503642082214355,0.022677406668663025
331,itcemra,5224605.388297829,263821987.2352357,0.03591682016849518,125876829.48244046,0.008550301194190979,0.04446712136268616
332,itmeps,2949221.696114508,93546724.8617303,0.012954354286193848,48660142.36654762,0.0030853599309921265,0.016039714217185974
333,itpivoa,2408831.4876456126,170093845.3168175,0.02332533895969391,84501308.97766377,0.005546197295188904,0.028871536254882812
334,itquirla,2704917.6233687564,343781592.99525154,0.04687589406967163,162490091.02924323,0.011086896061897278,0.05796279013156891
335,ivheoo,9797212.976603601,246381602.42571396,0.03351558744907379,118309170.63345565,0.007988333702087402,0.041503921151161194
336,ivkockim,4552604.518737563,164263036.00944883,0.022810935974121094,82707014.178611,0.0054131001234054565,0.02822403609752655
337,izowcu,4336.517981445223,86707349.06671204,0.01193256676197052,42797431.53448844,0.002814739942550659,0.01474730670452118
338,oadwowd,2647371.005875344,53614879.04811967,0.007344186305999756,26130046.745016523,0.0017323791980743408,0.009076565504074097
339,oafhynu,5297622.100871281,245914811.1692212,0.033919304609298706,120531734.2769747,0.008058503270149231,0.04197780787944794
340,oahudflo,5052734.836425104,228974143.69119412,0.031080693006515503,110960472.06690317,0.007382869720458984,0.03846356272697449
341,oakpikoo,2252493.702565204,119948816.81124248,0.016279742121696472,57583135.78930944,0.0038529038429260254,0.020132645964622498
342,oapwycti,5033704.117722554,263978744.0984366,0.03693696856498718,133292142.45859781,0.008761510252952576,0.04569847881793976
343,obceoo,6540732.029229869,368066655.44843495,0.05050203204154968,175037165.69738093,0.012007340788841248,0.06250937283039093
344,obheujvo,2592275.742076485,228555347.25689116,0.03147323429584503,113424198.56851687,0.007467553019523621,0.03894078731536865
345,objoyhi,2690499.898290272,15627207.106626201,0.00219804048538208,8943599.334447745,0.0005205720663070679,0.002718612551689148
346,oblyaga,4915304.068923439,160893911.85480812,0.02221059799194336,82092694.81004603,0.005263999104499817,0.027474597096443176
347,obsimjio,1842957.1896454913,260346867.17917952,0.035978421568870544,127771645.5852554,0.008539080619812012,0.044517502188682556
348,occeyd,4068755.341129216,143618490.31305134,0.019789963960647583,73476517.1755288,0.004696682095527649,0.024486646056175232
349,occroksy,2633838.72436656,186092258.04517004,0.025843888521194458,96254092.7545535,0.0061298757791519165,0.031973764300346375
350,ochotcil,2547524.2694044556,30491208.376307074,0.004146188497543335,16798128.35170468,0.0009862184524536133,0.005132406949996948
351,ochtin,3929204.3886338808,67070199.79584408,0.009201601147651672,31848278.222670786,0.0021847933530807495,0.011386394500732422
352,ocjeng,4504837.870428672,216232348.25263917,0.029509469866752625,109050956.49352275,0.007026448845863342,0.03653591871261597
353,ockihoba,7459100.583151071,127194152.75327638,0.017245233058929443,58798103.13268536,0.004119962453842163,0.021365195512771606
354,ockoac,2145801.244942909,108565625.8360503,0.015054181218147278,58559588.10828292,0.00356920063495636,0.018623381853103638
355,ockolral,3339653.7459540344,238660285.441334,0.03291673958301544,115891826.44423155,0.007824555039405823,0.040741294622421265
356,ocshitcl,1958799.9094136918,172823566.73462,0.02393588423728943,90948475.22987506,0.005678877234458923,0.029614761471748352
357,ocwyit,5059893.2598257605,135356693.5497702,0.018900156021118164,66976179.02729553,0.004487320780754089,0.023387476801872253
358,odklobci,4825631.025731434,287364109.9170721,0.039531171321868896,135998600.90451297,0.009395703673362732,0.04892687499523163
359,odlorhem,5919482.876521535,348190945.01747876,0.04793104529380798,176075425.84910524,0.011397495865821838,0.05932854115962982
360,odocjeca,1763611.6151428889,136569477.05008745,0.01914246380329132,73189150.07970074,0.004546269774436951,0.02368873357772827
361,odolfev,4302304.610590875,159744754.9790594,0.02208232879638672,81341887.55484049,0.005252525210380554,0.027334854006767273
362,odoywug,2387579.883131296,124681186.47455901,0.017446458339691162,58751125.56450919,0.004151180386543274,0.021597638726234436
363,odscixam,6823344.71119269,48746136.730884746,0.006718173623085022,23934195.986946203,0.0015893131494522095,0.008307486772537231
364,ofikco,3383465.266243449,334807619.2801264,0.04652036726474762,166853038.22060543,0.011059537529945374,0.05757990479469299
365,ofjeequo,4879405.833713994,224178578.1217069,0.030742540955543518,109709846.86214393,0.007314816117286682,0.0380573570728302
366,ofodwo,2393519.666020903,348684247.2547984,0.04810278117656708,168092605.95761725,0.011452555656433105,0.05955533683300018
367,ogawjem,2092021.2714232332,106873466.17663375,0.014678969979286194,51168412.42965302,0.0034967809915542603,0.018175750970840454
368,ogdygdyd,3178529.467131246,229691492.79146618,0.03150230646133423,107586801.32109526,0.007524460554122925,0.03902676701545715
369,oggluv,190854.7776136128,65995958.69059734,0.009182706475257874,32958563.467704657,0.002182215452194214,0.011364921927452087
370,ogijtri,2831511.1873733476,227329403.85840356,0.03128206729888916,112956877.16905686,0.007438302040100098,0.03872036933898926
371,ogikligu,5205767.523629716,280582793.9656136,0.038658127188682556,140779562.72664392,0.009151846170425415,0.04780997335910797
372,ogjoch,2535340.9177109785,176934650.959282,0.02440810203552246,91326600.07051721,0.005781054496765137,0.030189156532287598
373,ognowwoz,4932039.277981168,187830848.17400292,0.02587367594242096,96942181.45059544,0.006155237555503845,0.032028913497924805
374,ogofvoit,3159920.577047392,126723322.72662573,0.01788082718849182,63621057.6167271,0.004242360591888428,0.02212318778038025
375,ogphagpi,5997072.550506357,275014874.21600956,0.03750288486480713,128731143.0785979,0.008879780769348145,0.04638266563415527
376,ogshtcew,1631873.7709601829,266538963.37613097,0.036346763372421265,127579105.49507876,0.008609160780906677,0.04495592415332794
377,ogurjupo,4838351.790919908,164377810.8745305,0.02307376265525818,90352543.43954623,0.005486920475959778,0.028560683131217957
378,oiphye,7150415.845153645,99707820.77276656,0.013754740357398987,49213903.10568692,0.003269389271736145,0.017024129629135132
379,oipial,4496966.337572564,177361475.2929771,0.02462126314640045,90588866.85884212,0.005856871604919434,0.030478134751319885
380,oirzgont,9186608.865769805,189278228.50642782,0.02588619291782379,91946334.31490725,0.00617256760597229,0.03205876052379608
381,oivnabyo,6073390.0971506275,205229628.95238984,0.0283108651638031,105333348.23399757,0.006713792681694031,0.03502465784549713
382,ojachme,4700268.33297197,187267921.55959642,0.025649577379226685,95389990.89900914,0.00610688328742981,0.031756460666656494
383,ojbaso,9273303.442525446,159794771.10930574,0.022091105580329895,80485310.32150018,0.005229100584983826,0.02732020616531372
384,ojfanni,5099508.954493196,171338290.34596503,0.023552939295768738,81487916.75479703,0.00554107129573822,0.029094010591506958
385,ojfequia,4366391.602131191,35359107.011032835,0.004852667450904846,17530362.26388941,0.0011422783136367798,0.005994945764541626
386,ojfieza,5473257.5821945,57440510.77344376,0.00800257921218872,31358041.13086371,0.0018939673900604248,0.009896546602249146
387,ojpoota,5713662.9822483165,156229452.50347066,0.021522626280784607,81774230.52367955,0.005111530423164368,0.026634156703948975
388,ojroigna,7966490.988981089,312948505.79546183,0.042973533272743225,154504208.32938385,0.010190337896347046,0.05316387116909027
389,ojumna,3630409.621028986,179818298.28908327,0.02437843382358551,87550411.39129907,0.0058047473430633545,0.030183181166648865
390,ojvighta,2315834.9533611927,316582065.87597877,0.04307444393634796,149144175.48714963,0.010238796472549438,0.0533132404088974
391,ojwyky,3496227.5995008186,313714489.804701,0.04314582049846649,155695512.63728282,0.010222554206848145,0.053368374705314636
392,okavkau,4540445.508268269,246705049.27272698,0.033879950642585754,123185642.73505937,0.008028075098991394,0.04190802574157715
393,okblahed,5180892.589613809,266935544.89073664,0.03725770115852356,138722627.1529227,0.008848726749420166,0.046106427907943726
394,okchympy,2931148.9247867446,258302537.78524578,0.035293132066726685,126863763.06669565,0.008398592472076416,0.0436917245388031
395,okneydy,4795606.531688634,171171409.85528842,0.02341499924659729,82531876.8817837,0.0055540502071380615,0.02896904945373535
396,oknscocy,4761478.444031198,260717208.73272777,0.035790085792541504,132958025.1304144,0.008478030562400818,0.04426811635494232
397,okquakar,2048146.1864640357,199658295.93481508,0.027586117386817932,97750331.01017624,0.006552979350090027,0.03413909673690796
398,oksbosfl,6384141.437600455,80120778.03096546,0.010845988988876343,40588840.35846329,0.002574741840362549,0.013420730829238892
399,oktulsy,5048256.57684102,192919391.9443893,0.02650052309036255,92099691.73359364,0.006287813186645508,0.03278833627700806
400,okvats,2876968.7540027685,98968150.63527328,0.013669788837432861,51913894.73974003,0.003242775797843933,0.016912564635276794
401,oljnek,2745655.8341337373,160200358.98911127,0.022289752960205078,80786387.80591394,0.005303099751472473,0.02759285271167755
402,omcuky,2891051.6920181257,248531701.24013487,0.034039437770843506,119954715.53230064,0.008096650242805481,0.04213608801364899
403,omdrid,7358238.114467213,92997040.08014151,0.013094678521156311,49297219.06637944,0.003107309341430664,0.016201987862586975
404,omluaj,2282405.300470568,259315539.36038408,0.03567856550216675,120949645.56549105,0.008426576852798462,0.04410514235496521
405,omwyek,5003384.05634178,138616169.67197743,0.018943697214126587,65534716.52445793,0.004508480429649353,0.02345217764377594
406,onannsov,2429219.901281929,56989022.07099052,0.007718920707702637,26020318.16149182,0.0018377304077148438,0.00955665111541748
407,oncalku,5691106.19463145,202571396.93592384,0.02722187340259552,97043923.78036515,0.006469637155532837,0.03369151055812836
408,oncixpi,5582534.026289243,27891797.50425028,0.0038432329893112183,15030408.174112976,0.0009040981531143188,0.004747331142425537
409,onghoji,3977248.606625747,109924054.0196995,0.015174761414527893,56965367.96778981,0.0035601258277893066,0.0187348872423172
410,onkawcel,4579476.307980098,111966196.95675787,0.015466585755348206,60540990.313577846,0.003644093871116638,0.019110679626464844
411,ononma,2107608.488805966,305338139.1681504,0.04173901677131653,154843264.43172196,0.009914621710777283,0.05165363848209381
412,onvahe,2472398.8635310936,203929955.45382103,0.02827952802181244,107827227.66802713,0.0067142099142074585,0.0349937379360199
413,onwohyss,5160376.417530259,16688366.251128288,0.002305254340171814,7348820.875588972,0.0005478113889694214,0.0028530657291412354
414,onyacju,8967519.343747415,283109093.5713747,0.03928437829017639,143938813.1994621,0.00932951271533966,0.04861389100551605
415,onyenre,2207841.5241838708,174043208.04386705,0.023892298340797424,89828270.61230253,0.005670756101608276,0.0295630544424057
416,oocsodpl,3578046.483756185,162142414.15752172,0.022491589188575745,88447105.33082494,0.005316019058227539,0.027807608246803284
417,oogchyog,7080314.325431724,187969079.45161146,0.026019752025604248,96259173.7613176,0.006167709827423096,0.032187461853027344
418,ootyecls,5078880.558561256,185152955.76121634,0.025319352746009827,93420327.25492898,0.0060087889432907104,0.03132814168930054
419,opgovebo,2477697.8508871617,68483023.83483091,0.009502246975898743,32668900.251148064,0.002245500683784485,0.011747747659683228
420,ophgir,2497096.027813881,78434757.5080316,0.0109262615442276,42457016.77719642,0.002595573663711548,0.013521835207939148
421,ophugbe,4583294.537210755,315141700.416062,0.04334399104118347,151833497.80892503,0.010302677750587463,0.053646668791770935
422,opjermp,5604638.376306068,44428029.001029566,0.006135150790214539,23922917.08969527,0.0014463067054748535,0.007581457495689392
423,opmisa,1787952.1972804624,175819437.43069378,0.02392934262752533,94554613.7524211,0.005669072270393372,0.0295984148979187
424,opnown,2888032.0630446463,54733529.42615907,0.007445290684700012,25201465.54412546,0.0017852038145065308,0.009230494499206543
425,oquiat,1873252.6137431727,221336988.92541978,0.030965790152549744,112835717.7729182,0.007356077432632446,0.03832186758518219
426,orkbats,1308882.926012205,226603555.7316342,0.031366124749183655,109771762.2406076,0.007462680339813232,0.03882880508899689
427,orocdu,4612803.722988222,123095092.58112413,0.016904741525650024,59303534.96517802,0.004019513726234436,0.02092425525188446
428,orptme,3269984.694967535,151656449.1435065,0.02122931182384491,79052946.8471356,0.0050195008516311646,0.026248812675476074
429,orrrar,2951041.3125354894,227127054.25101086,0.03138977289199829,117255421.18365797,0.007462158799171448,0.03885193169116974
430,orsyalf,4538996.4934107065,218955280.12840715,0.02957138419151306,102432835.64192477,0.007025241851806641,0.0365966260433197
431,osacmu,2090942.149737148,31963882.010410182,0.004328489303588867,16022814.274764735,0.0010304003953933716,0.005358889698982239
432,osckro,4845130.289502621,293328148.1595233,0.039806708693504333,141098181.56175047,0.009480148553848267,0.0492868572473526
433,oshyon,3328666.76560891,332730079.873041,0.04584933817386627,160246250.22641852,0.010900706052780151,0.05675004422664642
434,osoccef,5154940.28138617,286085913.7232286,0.03918763995170593,137658734.04654986,0.009309202432632446,0.04849684238433838
435,otasfier,5018603.436199493,318094318.9092823,0.04278574883937836,147332642.08319402,0.010206177830696106,0.05299192667007446
436,otfahona,12828.643456163034,85958503.97996984,0.01194356381893158,43647235.03594472,0.002841085195541382,0.014784649014472961
437,otmegok,530331.3171878398,56551429.709944144,0.007721319794654846,25933053.853503883,0.001836344599723816,0.009557664394378662
438,otscokdr,2580490.544025757,289282659.06279427,0.039252832531929016,138836047.50004357,0.009348109364509583,0.0486009418964386
439,otswrank,2881163.722542334,271649549.9191289,0.03705433011054993,133758496.97714195,0.00880652666091919,0.045860856771469116
440,otvasdar,4918741.7057327945,306070998.4364814,0.04190954566001892,150427055.74817446,0.00998830795288086,0.05189785361289978
441,ouvdank,12791515.085001633,140407003.37645146,0.01917441189289093,70166349.64081508,0.004561245441436768,0.023735657334327698
442,ovkojy,2084304.391521381,191891865.3300503,0.026166856288909912,94922994.50278239,0.006228357553482056,0.03239521384239197
443,ovnacgad,3757500.4284563838,178185508.88334355,0.02452641725540161,91294803.84485593,0.005817636847496033,0.030344054102897644
444,ovyijna,6234782.931201496,125368231.403373,0.01721896231174469,59926673.42668099,0.004087597131729126,0.021306559443473816
445,owbsuscs,4573874.027617055,253534057.24003813,0.035129010677337646,126677979.08831632,0.008351460099220276,0.04348047077655792
446,owgves,5729948.135397255,240977419.01904544,0.03301428258419037,124782240.5796819,0.00775851309299469,0.04077279567718506
447,owhagme,4496113.282022748,53096980.640931256,0.007262319326400757,24332889.83756288,0.0017279833555221558,0.008990302681922913
448,owufrey,4109084.7531108535,33421188.243803147,0.0045874714851379395,17220349.526349407,0.0010883808135986328,0.005675852298736572
449,oxdoghic,4790155.197288996,189955499.6757054,0.026296421885490417,91314383.67338221,0.0062551796436309814,0.0325516015291214
450,oyclsdas,4303670.581441735,17518252.391860075,0.002390652894973755,8093667.7592427535,0.0005676448345184326,0.0029582977294921875
451,oydtesa,5244493.954656725,265983648.26956463,0.03624892234802246,125550652.13772361,0.008618384599685669,0.04486730694770813
452,oygmebra,4616871.175918505,158284622.82936502,0.021574512124061584,76836512.17550388,0.005075365304946899,0.026649877429008484
453,ubgihoot,9152682.214197343,130683064.54359238,0.01801656186580658,67066071.46158328,0.004243627190589905,0.022260189056396484
454,ubjajo,5223102.590227251,211944385.99793103,0.028923839330673218,100886402.08338915,0.006862804293632507,0.035786643624305725
455,ubjaju,5233578.233757605,144631707.12158024,0.019837871193885803,75612184.06157294,0.0047155022621154785,0.024553373456001282
456,ubnankke,4930752.583766572,238128280.893383,0.03248488903045654,114407532.55551794,0.007667645812034607,0.04015253484249115
457,ubzachy,4772874.785358322,178494594.0139937,0.024445056915283203,84556629.5934555,0.005781829357147217,0.03022688627243042
458,ucbiyaym,4767800.88675409,159789212.3607815,0.022325173020362854,83107675.12954994,0.005300253629684448,0.027625426650047302
459,ucgewft,1901326.6275938633,263743431.47473997,0.03614501655101776,126832001.45931895,0.008605048060417175,0.044750064611434937
460,uchjafy,2855223.0191572243,102599678.9570246,0.014114618301391602,55437829.065043196,0.0033577531576156616,0.017472371459007263
461,ucovlato,2217459.2966980706,136337646.04384258,0.01869720220565796,67549255.19326878,0.004465922713279724,0.023163124918937683
462,ucvepnuv,5159621.321250666,152490616.20355245,0.021218866109848022,79764700.35821973,0.0050384849309921265,0.02625735104084015
463,udguic,4922746.755612657,278076830.1488966,0.037961289286613464,136879728.40710893,0.0090101957321167,0.046971485018730164
464,udthon,2733377.2249690597,152352154.67765057,0.02078092098236084,77055858.85784571,0.004946976900100708,0.025727897882461548
465,udtiogi,2033942.4919082904,200507723.10068232,0.02754853665828705,105609604.35023715,0.0065317302942276,0.03408026695251465
466,udveoyx,5232027.6968417335,269298495.7135776,0.03726276755332947,137481349.49278244,0.00883503258228302,0.04609780013561249
467,udwadla,2771239.06032086,254431140.6299711,0.034685999155044556,124503841.94752732,0.008233457803726196,0.04291945695877075
468,udwebir,2735147.48054625,34549925.027350046,0.00476403534412384,17604737.860951863,0.0011348873376846313,0.005898922681808472
469,udwiull,1395473.6909301898,273912697.1400035,0.03809559345245361,143356403.45072177,0.009037435054779053,0.047133028507232666
470,ufdoyno,5507153.73750271,141596452.69197282,0.019739091396331787,71810120.25935213,0.004686683416366577,0.024425774812698364
471,ugatna,1980469.8757063847,407084686.0502666,0.05561193823814392,193375445.85436672,0.013197854161262512,0.06880979239940643
472,ugdifbl,5166351.747308575,28816736.781155325,0.003978699445724487,15299794.847922157,0.0009470582008361816,0.004925757646560669
473,uggdye,5116614.334472445,184633634.73075867,0.025187388062477112,91375429.53982705,0.005985692143440247,0.03117308020591736
474,ugifmav,3080003.432214763,18489950.678965993,0.002547323703765869,8283488.835145038,0.0006078332662582397,0.003155156970024109
475,ugthfu,2248028.203393417,78511025.69742306,0.010747596621513367,41441856.19199786,0.002558976411819458,0.013306573033332825
476,ujhuki,5916391.099500953,110859561.94267105,0.015522673726081848,55814200.93640154,0.003699362277984619,0.019222036004066467
477,ujkiwe,2638869.843794171,267679796.59139043,0.03696461021900177,133931012.11149505,0.008793935179710388,0.04575854539871216
478,ujnawwe,2744519.2903619255,219520011.16846502,0.030292227864265442,106818735.94181795,0.007188782095909119,0.03748100996017456
479,ujtosh,3138403.4385877335,136558633.93891525,0.01870568096637726,64791338.47039928,0.0044430941343307495,0.023148775100708008
480,ujtrud,5152202.903240383,235995391.03453508,0.0325893759727478,115891720.18859664,0.007739335298538208,0.04032871127128601
481,ukgoaf,2334504.0929856016,186794020.3985477,0.025723427534103394,92136275.08542724,0.00608450174331665,0.031807929277420044
482,uklsdryo,2147805.2003765507,234491253.97274396,0.032020747661590576,112884596.8975899,0.007557034492492676,0.03957778215408325
483,uljior,4272999.117679291,96783099.83396691,0.013220995664596558,48408820.186742865,0.003107234835624695,0.016328230500221252
484,umhenwed,4818011.497280498,49986319.87069345,0.006872251629829407,25143738.62151953,0.0016213953495025635,0.00849364697933197
485,umsmtha,4866682.443763616,321789581.99246085,0.044005200266838074,151633050.68177947,0.010414719581604004,0.05441991984844208
486,umvohug,2514269.451767302,284925725.52576274,0.0388750284910202,137698826.25852355,0.009242340922355652,0.048117369413375854
487,unquekov,7238252.49069709,134874680.82413173,0.018608033657073975,67798647.0609894,0.0044325292110443115,0.023040562868118286
488,unwrain,5902351.646671689,15641581.535210786,0.0021350234746932983,8229481.0430814065,0.0005045384168624878,0.002639561891555786
489,upchimy,4396154.77256373,264734553.39157334,0.03625008463859558,125336278.77039705,0.008620381355285645,0.044870465993881226
490,upsjavci,1905841.159479485,114622417.61849454,0.015711426734924316,56464093.44968708,0.00373135507106781,0.019442781805992126
491,upthin,2046239.4367353602,390030440.76110595,0.05359746515750885,188093217.25308844,0.01275700330734253,0.06635446846485138
492,urfhod,4387885.590579742,195636519.29688922,0.026915013790130615,99912787.5774356,0.006408229470252991,0.033323243260383606
493,usbekhia,4713702.927639714,263189528.95703098,0.0358702689409256,133817974.70234105,0.008534044027328491,0.04440431296825409
494,ushfeoj,4893297.102375785,155736864.8338394,0.021525561809539795,78884416.92413962,0.0051038265228271484,0.026629388332366943
495,uthiss,4117214.429367567,44962443.703479156,0.006243646144866943,25357599.982654758,0.0014763623476028442,0.007720008492469788
496,uthomoov,2057452.504096209,147217311.0561233,0.020055800676345825,74003523.72346878,0.004758775234222412,0.024814575910568237
497,utjanre,2598352.5029152026,383692655.25687385,0.052797868847846985,185686392.0890013,0.012545913457870483,0.06534378230571747
498,utkibedy,5420081.49150501,16987628.83888477,0.002445816993713379,7534563.871157429,0.0005815476179122925,0.0030273646116256714
499,utlurva,5081445.651307009,357092582.6444549,0.0493326336145401,182582850.30298424,0.011709615588188171,0.06104224920272827
500,utthwaju,2414655.869785697,49062026.84994646,0.006633147597312927,23822759.424884703,0.001574695110321045,0.008207842707633972
501,uttorhig,2039259.5342853332,125492661.735948,0.017365261912345886,64177170.983945,0.004126518964767456,0.021491780877113342
502,utvohovy,1692097.0061633345,125581890.25955048,0.017250269651412964,68099024.34947084,0.004094362258911133,0.021344631910324097
503,utwoab,2666725.8874369436,207557277.36296102,0.02907007932662964,107260477.86981156,0.006893739104270935,0.035963818430900574
504,uvburki,2118742.6940805716,74007050.73373464,0.010175377130508423,34700823.38041956,0.0024254024028778076,0.01260077953338623
505,uvigcho,4982092.4222482685,308055018.1666647,0.04244697093963623,154033202.92581785,0.010096907615661621,0.05254387855529785
506,uvjeahot,2794078.7335664006,110537907.4003534,0.015068888664245605,50572476.14879467,0.0035503804683685303,0.018619269132614136
507,uvjova,5860501.250457812,66027351.53106241,0.009050607681274414,33327527.750430264,0.002131417393684387,0.011182025074958801
508,uvreoipy,8818346.409535546,178515496.6856399,0.025125041604042053,95732718.2275222,0.005926638841629028,0.03105168044567108
